Flat Number,Property ID,Unit Type,Unit Status,Direction,Tower Name,Floor Number,Property ID,RERA Carpet Area (sq.ft),Additional Carpet Area (Sq.ft),Balcony Carpet Area (sq.ft),Total Carpet Area (sq.ft),SBU Area (sq.ft),Total Cost Including FRC and PLC,Basic Cost9Including FRC and PLC),Other Charges,Total Cost (excluding maintenance and GST)
A-101,7232,3 BHK T-1,Available,West Facing,A,1,,1065.52,25.73,46.822965,1138.067147,1625.81021,5344,8688329.762,785000,9473329.762
A-201,7233,3 BHK T-1,Available,West Facing,A,2,,1065.52,25.73,46.822965,1138.067147,1625.81021,5364,8720845.966,785000,9505845.966
A-301,7234,3 BHK T-1,Available,West Facing,A,3,,1065.52,25.73,46.822965,1138.067147,1625.81021,5384,8753362.171,785000,9538362.171
A-401,PR 07235,3 BHK T-1,Sold,West Facing,A,4,,1065.52,25.73,46.822965,1138.067147,1625.81021,5404,8785878.375,785000,9570878.375
A-501,PR 03-2020-07236,3 BHK T-1,Sold,West Facing,A,5,,1065.52,25.73,46.822965,1138.067147,1625.81021,5424,8818394.579,785000,9603394.579
A-601,PR 03-2020-07237,3 BHK T-1,Sold,West Facing,A,6,,1065.52,25.73,46.822965,1138.067147,1625.81021,5444,8850910.783,785000,9635910.783
A-701,PR 03-2020-07238,3 BHK T-1,Sold,West Facing,A,7,,1065.52,25.73,46.822965,1138.067147,1625.81021,5464,8883426.987,785000,9668426.987
A-801,PR 03-2020-07239,3 BHK T-1,Sold,West Facing,A,8,,1065.52,25.73,46.822965,1138.067147,1625.81021,5484,8915943.192,785000,9700943.192
A-901,PR 03-2020-07240,3 BHK T-1,Sold,West Facing,A,9,,1065.52,25.73,46.822965,1138.067147,1625.81021,5504,8948459.396,785000,9733459.396
A-1001,PR 03-2020-07241,3 BHK T-1,Sold,West Facing,A,10,,1065.52,25.73,46.822965,1138.067147,1625.81021,5524,8980975.6,785000,9765975.6
A-1101,PR 03-2020-07242,3 BHK T-1,Sold,West Facing,A,11,,1065.52,25.73,46.822965,1138.067147,1625.81021,5544,9013491.804,785000,9798491.804
A-1201,PR 03-2020-07243,3 BHK T-1,Sold,West Facing,A,12,,1065.52,25.73,46.822965,1138.067147,1625.81021,5564,9046008.008,785000,9831008.008
A-12A01,PR 03-2020-07244,3 BHK T-1,Available,West Facing,A,13,,1065.52,25.73,46.822965,1138.067147,1625.81021,5584,9078524.213,785000,9863524.213
A-1401,PR 03-2020-07245,3 BHK T-1,Block,West Facing,A,14,,1065.52,25.73,46.822965,1138.067147,1625.81021,5604,9111040.417,785000,9896040.417
A-1501,PR 03-2020-07246,3 BHK T-1,Block,West Facing,A,15,,1065.52,25.73,46.822965,1138.067147,1625.81021,5624,9143556.621,785000,9928556.621
A-002,PR 03-2020-07247,3 BHK T-2,Available,West Facing,A,0,,1029.24,0,46.822965,1076.067083,1537.23869,5224,8030534.917,785000,8815534.917
A-102,PR 03-2020-07248,3 BHK T-2,Sold,West Facing,A,1,,1029.24,0,46.822965,1076.067083,1537.23869,5344,8215003.559,785000,9000003.559
A-202,PR 03-2020-07249,3 BHK T-2,Sold,West Facing,A,2,,1029.24,0,46.822965,1076.067083,1537.23869,5364,8245748.333,785000,9030748.333
A-302,PR 03-2020-07250,3 BHK T-2,Sold,West Facing,A,3,,1029.24,0,46.822965,1076.067083,1537.23869,5384,8276493.107,785000,9061493.107
A-402,PR 03-2020-07251,3 BHK T-2,Sold,West Facing,A,4,,1029.24,0,46.822965,1076.067083,1537.23869,5404,8307237.881,785000,9092237.881
A-502,PR 03-2020-07252,3 BHK T-2,Sold,West Facing,A,5,,1029.24,0,46.822965,1076.067083,1537.23869,5424,8337982.655,785000,9122982.655
A-602,PR 03-2020-07253,3 BHK T-2,Sold,West Facing,A,6,,1029.24,0,46.822965,1076.067083,1537.23869,5444,8368727.428,785000,9153727.428
A-702,PR 03-2020-07254,3 BHK T-2,Block,West Facing,A,7,,1029.24,0,46.822965,1076.067083,1537.23869,5464,8399472.202,785000,9184472.202
A-802,PR 03-2020-07255,3 BHK T-2,Block,West Facing,A,8,,1029.24,0,46.822965,1076.067083,1537.23869,5484,8430216.976,785000,9215216.976
A-902,PR 03-2020-07256,3 BHK T-2,Block,West Facing,A,9,,1029.24,0,46.822965,1076.067083,1537.23869,5504,8460961.75,785000,9245961.75
A-1002,PR 03-2020-07257,3 BHK T-2,Sold,West Facing,A,10,,1029.24,0,46.822965,1076.067083,1537.23869,5524,8491706.524,785000,9276706.524
A-1102,PR 03-2020-07258,3 BHK T-2,Sold,West Facing,A,11,,1029.24,0,46.822965,1076.067083,1537.23869,5544,8522451.297,785000,9307451.297
A-1202,PR 03-2020-07259,3 BHK T-2,Sold,West Facing,A,12,,1029.24,0,46.822965,1076.067083,1537.23869,5564,8553196.071,785000,9338196.071
A-12A02,PR 03-2020-07260,3 BHK T-2,Available,West Facing,A,13,,1029.24,0,46.822965,1076.067083,1537.23869,5584,8583940.845,785000,9368940.845
A-1402,PR 03-2020-07261,3 BHK T-2,Block,West Facing,A,14,,1029.24,0,46.822965,1076.067083,1537.23869,5604,8614685.619,785000,9399685.619
A-1502,PR 03-2020-07262,3 BHK T-2,Block,West Facing,A,15,,1029.24,0,46.822965,1076.067083,1537.23869,5624,8645430.393,785000,9430430.393
A-103,PR 03-2020-07263,3 BHK T-3,Available,North West Facing,A,1,,1067.03,0,46.822965,1113.848372,1591.21196,5224,8312491.279,785000,9097491.279
A-203,PR 03-2020-07264,3 BHK T-3,Sold,North West Facing,A,2,,1067.03,0,46.822965,1113.848372,1591.21196,5264,8376139.757,785000,9161139.757
A-303,PR 03-2020-07265,3 BHK T-3,Available,North West Facing,A,3,,1067.03,0,46.822965,1113.848372,1591.21196,5284,8407963.997,785000,9192963.997
A-403,PR 03-2020-07266,3 BHK T-3,Sold,North West Facing,A,4,,1067.03,0,46.822965,1113.848372,1591.21196,5304,8439788.236,785000,9224788.236
A-503,PR 03-2020-07267,3 BHK T-3,Sold,North West Facing,A,5,,1067.03,0,46.822965,1113.848372,1591.21196,5324,8471612.475,785000,9256612.475
A-603,PR 03-2020-07268,3 BHK T-3,Sold,North West Facing,A,6,,1067.03,0,46.822965,1113.848372,1591.21196,5344,8503436.714,785000,9288436.714
A-703,PR 03-2020-07269,3 BHK T-3,Sold,North West Facing,A,7,,1067.03,0,46.822965,1113.848372,1591.21196,5364,8535260.953,785000,9320260.953
A-803,PR 03-2020-07270,3 BHK T-3,Sold,North West Facing,A,8,,1067.03,0,46.822965,1113.848372,1591.21196,5384,8567085.193,785000,9352085.193
A-903,PR 03-2020-07271,3 BHK T-3,Sold,North West Facing,A,9,,1067.03,0,46.822965,1113.848372,1591.21196,5404,8598909.432,785000,9383909.432
A-1003,PR 03-2020-07272,3 BHK T-3,Sold,North West Facing,A,10,,1067.03,0,46.822965,1113.848372,1591.21196,5424,8630733.671,785000,9415733.671
A-1103,PR 03-2020-07273,3 BHK T-3,Sold,North West Facing,A,11,,1067.03,0,46.822965,1113.848372,1591.21196,5444,8662557.91,785000,9447557.91
A-1203,PR 03-2020-07274,3 BHK T-3,Sold,North West Facing,A,12,,1067.03,0,46.822965,1113.848372,1591.21196,5464,8694382.149,785000,9479382.149
A-1303,PR 03-2020-07275,3 BHK T-3,Sold,North West Facing,A,13,,1067.03,0,46.822965,1113.848372,1591.21196,5484,8726206.389,785000,9511206.389
A-1403,PR 03-2020-07276,3 BHK T-3,Block,North West Facing,A,14,,1067.03,0,46.822965,1113.848372,1591.21196,5504,8758030.628,785000,9543030.628
A-1503,PR 03-2020-07277,3 BHK T-3,Block,North West Facing,A,15,,1067.03,0,46.822965,1113.848372,1591.21196,5524,8789854.867,785000,9574854.867
A-104,PR 03-2020-07278,3 BHK T-3,Available,North East Facing,A,1,,1067.03,0,46.822965,1113.848372,1591.21196,5394,8582997.312,785000,9367997.312
A-204,PR 03-2020-07279,3 BHK T-3,Sold,North East Facing,A,2,,1067.03,0,46.822965,1113.848372,1591.21196,5414,8614821.551,785000,9399821.551
A-304,PR 03-2020-07280,3 BHK T-3,Sold,North East Facing,A,3,,1067.03,0,46.822965,1113.848372,1591.21196,5434,8646645.791,785000,9431645.791
A-404,PR 03-2020-07281,3 BHK T-3,Block,North East Facing,A,4,,1067.03,0,46.822965,1113.848372,1591.21196,5454,8678470.03,785000,9463470.03
A-504,PR 03-2020-07282,3 BHK T-3,Block,North East Facing,A,5,,1067.03,0,46.822965,1113.848372,1591.21196,5474,8710294.269,785000,9495294.269
A-604,PR 03-2020-07283,3 BHK T-3,Block,North East Facing,A,6,,1067.03,0,46.822965,1113.848372,1591.21196,5494,8742118.508,785000,9527118.508
A-704,PR 03-2020-07284,3 BHK T-3,Block,North East Facing,A,7,,1067.03,0,46.822965,1113.848372,1591.21196,5514,8773942.747,785000,9558942.747
A-804,PR 03-2020-07285,3 BHK T-3,Sold,North East Facing,A,8,,1067.03,0,46.822965,1113.848372,1591.21196,5534,8805766.987,785000,9590766.987
A-904,PR 03-2020-07286,3 BHK T-3,Available,North East Facing,A,9,,1067.03,0,46.822965,1113.848372,1591.21196,5554,8837591.226,785000,9622591.226
A-1004,PR 03-2020-07287,3 BHK T-3,Available,North East Facing,A,10,,1067.03,0,46.822965,1113.848372,1591.21196,5574,8869415.465,785000,9654415.465
A-1104,PR 03-2020-07288,3 BHK T-3,Available,North East Facing,A,11,,1067.03,0,46.822965,1113.848372,1591.21196,5594,8901239.704,785000,9686239.704
A-1204,PR 03-2020-07289,3 BHK T-3,Sold,North East Facing,A,12,,1067.03,0,46.822965,1113.848372,1591.21196,5614,8933063.943,785000,9718063.943
A-12A04,PR 03-2020-07290,3 BHK T-3,Available,North East Facing,A,13,,1067.03,0,46.822965,1113.848372,1591.21196,5634,8964888.183,785000,9749888.183
A-1404,PR 03-2020-07291,3 BHK T-3,Block,North East Facing,A,14,,1067.03,0,46.822965,1113.848372,1591.21196,5654,8996712.422,785000,9781712.422
A-1504,PR 03-2020-07292,3 BHK T-3,Block,North East Facing,A,15,,1067.03,0,46.822965,1113.848372,1591.21196,5674,9028536.661,785000,9813536.661
A-005,PR 03-2020-07293,3 BHK T-4,Available,North East Facing,A,0,,1067.78,0,46.822965,1114.601845,1592.28835,5374,8556957.593,785000,9341957.593
A-105,PR 03-2020-07294,3 BHK T-4,Sold,North East Facing,A,1,,1067.78,0,46.822965,1114.601845,1592.28835,5394,8588803.36,785000,9373803.36
A-205,PR 03-2020-07295,3 BHK T-4,Sold,North East Facing,A,2,,1067.78,0,46.822965,1114.601845,1592.28835,5414,8620649.127,785000,9405649.127
A-305,PR 03-2020-07296,3 BHK T-4,Sold,North East Facing,A,3,,1067.78,0,46.822965,1114.601845,1592.28835,5434,8652494.894,785000,9437494.894
A-405,PR 03-2020-07297,3 BHK T-4,Sold,North East Facing,A,4,,1067.78,0,46.822965,1114.601845,1592.28835,5454,8684340.661,785000,9469340.661
A-505,PR 03-2020-07298,3 BHK T-4,Sold,North East Facing,A,5,,1067.78,0,46.822965,1114.601845,1592.28835,5474,8716186.428,785000,9501186.428
A-605,PR 03-2020-07299,3 BHK T-4,Sold,North East Facing,A,6,,1067.78,0,46.822965,1114.601845,1592.28835,5494,8748032.195,785000,9533032.195
A-705,PR 03-2020-07300,3 BHK T-4,Sold,North East Facing,A,7,,1067.78,0,46.822965,1114.601845,1592.28835,5514,8779877.962,785000,9564877.962
A-805,PR 03-2020-07301,3 BHK T-4,Sold,North East Facing,A,8,,1067.78,0,46.822965,1114.601845,1592.28835,5534,8811723.729,785000,9596723.729
A-905,PR 03-2020-07302,3 BHK T-4,Sold,North East Facing,A,9,,1067.78,0,46.822965,1114.601845,1592.28835,5554,8843569.496,785000,9628569.496
A-1005,PR 03-2020-07303,3 BHK T-4,Sold,North East Facing,A,10,,1067.78,0,46.822965,1114.601845,1592.28835,5574,8875415.263,785000,9660415.263
A-1105,PR 03-2020-07304,3 BHK T-4,Sold,North East Facing,A,11,,1067.78,0,46.822965,1114.601845,1592.28835,5594,8907261.03,785000,9692261.03
A-1205,PR 03-2020-07305,3 BHK T-4,Sold,North East Facing,A,12,,1067.78,0,46.822965,1114.601845,1592.28835,5614,8939106.797,785000,9724106.797
A-1305,PR 03-2020-07306,3 BHK T-4,Sold,North East Facing,A,13,,1067.78,0,46.822965,1114.601845,1592.28835,5634,8970952.564,785000,9755952.564
A-1405,PR 03-2020-07307,3 BHK T-4,Block,North East Facing,A,14,,1067.78,0,46.822965,1114.601845,1592.28835,5654,9002798.331,785000,9787798.331
A-1505,PR 03-2020-07308,3 BHK T-4,Block,North East Facing,A,15,,1067.78,0,46.822965,1114.601845,1592.28835,5674,9034644.098,785000,9819644.098
A-006,PR 03-2020-07309,3 BHK T-5,Available,East Facing,A,0,,1019.88,0,46.822965,1066.70249,1523.8607,5224,7960648.297,785000,8745648.297
A-106,PR 03-2020-07310,3 BHK T-5,Available,East Facing,A,1,,1019.88,0,46.822965,1066.70249,1523.8607,5494,8372090.686,785000,9157090.686
A-206,PR 03-2020-07311,3 BHK T-5,Available,East Facing,A,2,,1019.88,0,46.822965,1066.70249,1523.8607,5514,8402567.9,785000,9187567.9
A-306,PR 03-2020-07312,3 BHK T-5,Sold,East Facing,A,3,,1019.88,0,46.822965,1066.70249,1523.8607,5534,8433045.114,785000,9218045.114
A-406,PR 03-2020-07313,3 BHK T-5,Block,East Facing,A,4,,1019.88,0,46.822965,1066.70249,1523.8607,5554,8463522.328,785000,9248522.328
A-506,PR 03-2020-07314,3 BHK T-5,Block,East Facing,A,5,,1019.88,0,46.822965,1066.70249,1523.8607,5574,8493999.542,785000,9278999.542
A-606,PR 03-2020-07315,3 BHK T-5,Block,East Facing,A,6,,1019.88,0,46.822965,1066.70249,1523.8607,5594,8524476.756,785000,9309476.756
A-706,PR 03-2020-07316,3 BHK T-5,Sold,East Facing,A,7,,1019.88,0,46.822965,1066.70249,1523.8607,5614,8554953.97,785000,9339953.97
A-806,PR 03-2020-07317,3 BHK T-5,Block,East Facing,A,8,,1019.88,0,46.822965,1066.70249,1523.8607,5634,8585431.184,785000,9370431.184
A-906,PR 03-2020-07318,3 BHK T-5,Block,East Facing,A,9,,1019.88,0,46.822965,1066.70249,1523.8607,5654,8615908.398,785000,9400908.398
A-1006,PR 03-2020-07319,3 BHK T-5,Sold,East Facing,A,10,,1019.88,0,46.822965,1066.70249,1523.8607,5674,8646385.612,785000,9431385.612
A-1106,PR 03-2020-07320,3 BHK T-5,Available,East Facing,A,11,,1019.88,0,46.822965,1066.70249,1523.8607,5694,8676862.826,785000,9461862.826
A-1206,PR 03-2020-07321,3 BHK T-5,Sold,East Facing,A,12,,1019.88,0,46.822965,1066.70249,1523.8607,5714,8707340.04,785000,9492340.04
A-1306,PR 03-2020-07322,3 BHK T-5,Sold,East Facing,A,13,,1019.88,0,46.822965,1066.70249,1523.8607,5734,8737817.254,785000,9522817.254
A-1406,PR 03-2020-07323,3 BHK T-5,Block,East Facing,A,14,,1019.88,0,46.822965,1066.70249,1523.8607,5754,8768294.468,785000,9553294.468
A-1506,PR 03-2020-07324,3 BHK T-5,Block,East Facing,A,15,,1019.88,0,46.822965,1066.70249,1523.8607,5774,8798771.682,785000,9583771.682
B-001,PR 03-2020-07325,3 BHK T-6,Available,West Facing,B,0,,1024.29,0,46.822965,1071.115689,1530.16527,5324,8146599.897,785000,8931599.897
B-101,PR 03-2020-07326,3 BHK T-6,Available,West Facing,B,1,,1024.29,0,46.822965,1071.115689,1530.16527,5344,8177203.203,785000,8962203.203
B-201,PR 03-2020-07327,3 BHK T-6,Available,West Facing,B,2,,1024.29,0,46.822965,1071.115689,1530.16527,5364,8207806.508,785000,8992806.508
B-301,PR 03-2020-07328,3 BHK T-6,Available,West Facing,B,3,,1024.29,0,46.822965,1071.115689,1530.16527,5384,8238409.814,785000,9023409.814
B-401,PR 03-2020-07329,3 BHK T-6,Available,West Facing,B,4,,1024.29,0,46.822965,1071.115689,1530.16527,5404,8269013.119,785000,9054013.119
B-501,PR 03-2020-07330,3 BHK T-6,Available,West Facing,B,5,,1024.29,0,46.822965,1071.115689,1530.16527,5424,8299616.424,785000,9084616.424
B-601,PR 03-2020-07331,3 BHK T-6,Available,West Facing,B,6,,1024.29,0,46.822965,1071.115689,1530.16527,5444,8330219.73,785000,9115219.73
B-701,PR 03-2020-07332,3 BHK T-6,Available,West Facing,B,7,,1024.29,0,46.822965,1071.115689,1530.16527,5464,8360823.035,785000,9145823.035
B-801,PR 03-2020-07333,3 BHK T-6,Available,West Facing,B,8,,1024.29,0,46.822965,1071.115689,1530.16527,5484,8391426.341,785000,9176426.341
B-901,PR 03-2020-07334,3 BHK T-6,Sold,West Facing,B,9,,1024.29,0,46.822965,1071.115689,1530.16527,5504,8422029.646,785000,9207029.646
B-1001,PR 03-2020-07335,3 BHK T-6,Available,West Facing,B,10,,1024.29,0,46.822965,1071.115689,1530.16527,5524,8452632.951,785000,9237632.951
B-1101,PR 03-2020-07336,3 BHK T-6,Available,West Facing,B,11,,1024.29,0,46.822965,1071.115689,1530.16527,5544,8483236.257,785000,9268236.257
B-1201,PR 03-2020-07337,3 BHK T-6,Available,West Facing,B,12,,1024.29,0,46.822965,1071.115689,1530.16527,5564,8513839.562,785000,9298839.562
B-12A01,PR 03-2020-07338,3 BHK T-6,Available,West Facing,B,13,,1024.29,0,46.822965,1071.115689,1530.16527,5584,8544442.868,785000,9329442.868
B-1401,PR 03-2020-07339,3 BHK T-6,Block,West Facing,B,14,,1024.29,0,46.822965,1071.115689,1530.16527,5604,8575046.173,785000,9360046.173
B-1501,PR 03-2020-07340,3 BHK T-6,Block,West Facing,B,15,,1024.29,0,46.822965,1071.115689,1530.16527,5624,8605649.478,785000,9390649.478
B-102,PR 03-2020-07341,2 BHK T-1,Sold,North West Facing,B,1,,751.1,0,41.548654,792.653596,1132.36228,5224,5915460.551,785000,6700460.551
B-202,PR 03-2020-07342,2 BHK T-1,Sold,North West Facing,B,2,,751.1,0,41.548654,792.653596,1132.36228,5224,5915460.551,785000,6700460.551
B-302,PR 03-2020-07343,2 BHK T-1,Available,North West Facing,B,3,,751.1,0,41.548654,792.653596,1132.36228,5284,5983402.288,785000,6768402.288
B-402,PR 03-2020-07344,2 BHK T-1,Available,North West Facing,B,4,,751.1,0,41.548654,792.653596,1132.36228,5304,6006049.533,785000,6791049.533
B-502,PR 03-2020-07345,2 BHK T-1,Available,North West Facing,B,5,,751.1,0,41.548654,792.653596,1132.36228,5324,6028696.779,785000,6813696.779
B-602,PR 03-2020-07346,2 BHK T-1,Available,North West Facing,B,6,,751.1,0,41.548654,792.653596,1132.36228,5344,6051344.024,785000,6836344.024
B-702,PR 03-2020-07347,2 BHK T-1,Sold,North West Facing,B,7,,751.1,0,41.548654,792.653596,1132.36228,5364,6073991.27,785000,6858991.27
B-802,PR 03-2020-07348,2 BHK T-1,Sold,North West Facing,B,8,,751.1,0,41.548654,792.653596,1132.36228,5384,6096638.516,785000,6881638.516
B-902,PR 03-2020-07349,2 BHK T-1,Sold,North West Facing,B,9,,751.1,0,41.548654,792.653596,1132.36228,5404,6119285.761,785000,6904285.761
B-1002,PR 03-2020-07350,2 BHK T-1,Sold,North West Facing,B,10,,751.1,0,41.548654,792.653596,1132.36228,5424,6141933.007,785000,6926933.007
B-1102,PR 03-2020-07351,2 BHK T-1,Block,North West Facing,B,11,,751.1,0,41.548654,792.653596,1132.36228,5444,6164580.252,785000,6949580.252
B-1202,PR 03-2020-07352,2 BHK T-1,Block,North West Facing,B,12,,751.1,0,41.548654,792.653596,1132.36228,5464,6187227.498,785000,6972227.498
B-12A02,PR 03-2020-07353,2 BHK T-1,Block,North West Facing,B,13,,751.1,0,41.548654,792.653596,1132.36228,5484,6209874.744,785000,6994874.744
B-1402,PR 03-2020-07354,2 BHK T-1,Block,North West Facing,B,14,,751.1,0,41.548654,792.653596,1132.36228,5504,6232521.989,785000,7017521.989
B-1502,PR 03-2020-07355,2 BHK T-1,Block,North West Facing,B,15,,751.1,0,41.548654,792.653596,1132.36228,5524,6255169.235,785000,7040169.235
B-103,PR 03-2020-07356,2 BHK T-1,Available,North East Facing,B,1,,751.1,0,41.548654,792.653596,1132.36228,5394,6107962.138,785000,6892962.138
B-203,PR 03-2020-07357,2 BHK T-1,Sold,North East Facing,B,2,,751.1,0,41.548654,792.653596,1132.36228,5414,6130609.384,785000,6915609.384
B-303,PR 03-2020-07358,2 BHK T-1,Available,North East Facing,B,3,,751.1,0,41.548654,792.653596,1132.36228,5434,6153256.63,785000,6938256.63
B-403,PR 03-2020-07359,2 BHK T-1,Block,North East Facing,B,4,,751.1,0,41.548654,792.653596,1132.36228,5454,6175903.875,785000,6960903.875
B-503,PR 03-2020-07360,2 BHK T-1,Block,North East Facing,B,5,,751.1,0,41.548654,792.653596,1132.36228,5474,6198551.121,785000,6983551.121
B-603,PR 03-2020-07361,2 BHK T-1,Block,North East Facing,B,6,,751.1,0,41.548654,792.653596,1132.36228,5494,6221198.366,785000,7006198.366
B-703,PR 03-2020-07362,2 BHK T-1,Block,North East Facing,B,7,,751.1,0,41.548654,792.653596,1132.36228,5514,6243845.612,785000,7028845.612
B-803,PR 03-2020-07363,2 BHK T-1,Sold,North East Facing,B,8,,751.1,0,41.548654,792.653596,1132.36228,5534,6266492.858,785000,7051492.858
B-903,PR 03-2020-07364,2 BHK T-1,Sold,North East Facing,B,9,,751.1,0,41.548654,792.653596,1132.36228,5554,6289140.103,785000,7074140.103
B-1003,PR 03-2020-07365,2 BHK T-1,Available,North East Facing,B,10,,751.1,0,41.548654,792.653596,1132.36228,5574,6311787.349,785000,7096787.349
B-1103,PR 03-2020-07366,2 BHK T-1,Block,North East Facing,B,11,,751.1,0,41.548654,792.653596,1132.36228,5594,6334434.594,785000,7119434.594
B-1203,PR 03-2020-07367,2 BHK T-1,Block,North East Facing,B,12,,751.1,0,41.548654,792.653596,1132.36228,5614,6357081.84,785000,7142081.84
B-12A03,PR 03-2020-07368,2 BHK T-1,Block,North East Facing,B,13,,751.1,0,41.548654,792.653596,1132.36228,5634,6379729.086,785000,7164729.086
B-1403,PR 03-2020-07369,2 BHK T-1,Block,North East Facing,B,14,,751.1,0,41.548654,792.653596,1132.36228,5654,6402376.331,785000,7187376.331
B-1503,PR 03-2020-07370,2 BHK T-1,Block,North East Facing,B,15,,751.1,0,41.548654,792.653596,1132.36228,5674,6425023.577,785000,7210023.577
B-104,PR 03-2020-07371,2 BHK T-1,Available,North East Facing,B,1,,751.1,0,41.548654,792.653596,1132.36228,5394,6107962.138,785000,6892962.138
B-204,PR 03-2020-07372,2 BHK T-1,Available,North East Facing,B,2,,751.1,0,41.548654,792.653596,1132.36228,5414,6130609.384,785000,6915609.384
B-304,PR 03-2020-07373,2 BHK T-1,Sold,North East Facing,B,3,,751.1,0,41.548654,792.653596,1132.36228,5434,6153256.63,785000,6938256.63
B-404,PR 03-2020-07374,2 BHK T-1,Sold,North East Facing,B,4,,751.1,0,41.548654,792.653596,1132.36228,5454,6175903.875,785000,6960903.875
B-504,PR 03-2020-07375,2 BHK T-1,Sold,North East Facing,B,5,,751.1,0,41.548654,792.653596,1132.36228,5474,6198551.121,785000,6983551.121
B-604,PR 03-2020-07376,2 BHK T-1,Sold,North East Facing,B,6,,751.1,0,41.548654,792.653596,1132.36228,5494,6221198.366,785000,7006198.366
B-704,PR 03-2020-07377,2 BHK T-1,Sold,North East Facing,B,7,,751.1,0,41.548654,792.653596,1132.36228,5514,6243845.612,785000,7028845.612
B-804,PR 03-2020-07378,2 BHK T-1,Block,North East Facing,B,8,,751.1,0,41.548654,792.653596,1132.36228,5534,6266492.858,785000,7051492.858
B-904,PR 03-2020-07379,2 BHK T-1,Sold,North East Facing,B,9,,751.1,0,41.548654,792.653596,1132.36228,5554,6289140.103,785000,7074140.103
B-1004,PR 03-2020-07380,2 BHK T-1,Available,North East Facing,B,10,,751.1,0,41.548654,792.653596,1132.36228,5574,6311787.349,785000,7096787.349
B-1104,PR 03-2020-07381,2 BHK T-1,Available,North East Facing,B,11,,751.1,0,41.548654,792.653596,1132.36228,5594,6334434.594,785000,7119434.594
B-1204,PR 03-2020-07382,2 BHK T-1,Available,North East Facing,B,12,,751.1,0,41.548654,792.653596,1132.36228,5614,6357081.84,785000,7142081.84
B-12A04,PR 03-2020-07383,2 BHK T-1,Available,North East Facing,B,13,,751.1,0,41.548654,792.653596,1132.36228,5634,6379729.086,785000,7164729.086
B-1504,PR 03-2020-07384,2 BHK T-1,Block,North East Facing,B,15,,751.1,0,41.548654,792.653596,1132.36228,5674,6425023.577,785000,7210023.577
B-005,PR 03-2020-07385,2 BHK T-1,Available,South East Facing,B,0,,751.1,0,41.548654,792.653596,1132.36228,5324,6028696.779,785000,6813696.779
B-105,PR 03-2020-07386,2 BHK T-1,Sold,South East Facing,B,1,,751.1,0,41.548654,792.653596,1132.36228,5344,6051344.024,785000,6836344.024
B-205,PR 03-2020-07387,2 BHK T-1,Sold,South East Facing,B,2,,751.1,0,41.548654,792.653596,1132.36228,5364,6073991.27,785000,6858991.27
B-305,PR 03-2020-07388,2 BHK T-1,Sold,South East Facing,B,3,,751.1,0,41.548654,792.653596,1132.36228,5384,6096638.516,785000,6881638.516
B-405,PR 03-2020-07389,2 BHK T-1,Sold,South East Facing,B,4,,751.1,0,41.548654,792.653596,1132.36228,5404,6119285.761,785000,6904285.761
B-505,PR 03-2020-07390,2 BHK T-1,Block,South East Facing,B,5,,751.1,0,41.548654,792.653596,1132.36228,5424,6141933.007,785000,6926933.007
B-605,PR 03-2020-07391,2 BHK T-1,Sold,South East Facing,B,6,,751.1,0,41.548654,792.653596,1132.36228,5444,6164580.252,785000,6949580.252
B-705,PR 03-2020-07392,2 BHK T-1,Sold,South East Facing,B,7,,751.1,0,41.548654,792.653596,1132.36228,5464,6187227.498,785000,6972227.498
B-805,PR 03-2020-07393,2 BHK T-1,Sold,South East Facing,B,8,,751.1,0,41.548654,792.653596,1132.36228,5484,6209874.744,785000,6994874.744
B-905,PR 03-2020-07394,2 BHK T-1,Sold,South East Facing,B,9,,751.1,0,41.548654,792.653596,1132.36228,5504,6232521.989,785000,7017521.989
B-1005,PR 03-2020-07395,2 BHK T-1,Sold,South East Facing,B,10,,751.1,0,41.548654,792.653596,1132.36228,5524,6255169.235,785000,7040169.235
B-1105,PR 03-2020-07396,2 BHK T-1,Sold,South East Facing,B,11,,751.1,0,41.548654,792.653596,1132.36228,5544,6277816.48,785000,7062816.48
B-1205,PR 03-2020-07397,2 BHK T-1,Sold,South East Facing,B,12,,751.1,0,41.548654,792.653596,1132.36228,5564,6300463.726,785000,7085463.726
B-1305,PR 03-2020-07398,2 BHK T-1,Sold,South East Facing,B,13,,751.1,0,41.548654,792.653596,1132.36228,5584,6323110.972,785000,7108110.972
C-001,PR 03-2020-07399,3 BHK T-6,Block,East Facing,C,0,,1024.29,0,46.822965,1071.115689,1530.16527,5474,8376124.688,785000,9161124.688
C-101,PR 03-2020-07400,3 BHK T-6,Block,East Facing,C,1,,1024.29,0,46.822965,1071.115689,1530.16527,5494,8406727.993,785000,9191727.993
C-201,PR 03-2020-07401,3 BHK T-6,Sold,East Facing,C,2,,1024.29,0,46.822965,1071.115689,1530.16527,5514,8437331.299,785000,9222331.299
C-301,PR 03-2020-07402,3 BHK T-6,Sold,East Facing,C,3,,1024.29,0,46.822965,1071.115689,1530.16527,5534,8467934.604,785000,9252934.604
C-401,PR 03-2020-07403,3 BHK T-6,Sold,East Facing,C,4,,1024.29,0,46.822965,1071.115689,1530.16527,5554,8498537.91,785000,9283537.91
C-501,PR 03-2020-07404,3 BHK T-6,Sold,East Facing,C,5,,1024.29,0,46.822965,1071.115689,1530.16527,5574,8529141.215,785000,9314141.215
C-601,PR 03-2020-07405,3 BHK T-6,Sold,East Facing,C,6,,1024.29,0,46.822965,1071.115689,1530.16527,5594,8559744.52,785000,9344744.52
C-701,PR 03-2020-07406,3 BHK T-6,Sold,East Facing,C,7,,1024.29,0,46.822965,1071.115689,1530.16527,5614,8590347.826,785000,9375347.826
C-801,PR 03-2020-07407,3 BHK T-6,Sold,East Facing,C,8,,1024.29,0,46.822965,1071.115689,1530.16527,5634,8620951.131,785000,9405951.131
C-901,PR 03-2020-07408,3 BHK T-6,Sold,East Facing,C,9,,1024.29,0,46.822965,1071.115689,1530.16527,5654,8651554.437,785000,9436554.437
C-1001,PR 03-2020-07409,3 BHK T-6,Sold,East Facing,C,10,,1024.29,0,46.822965,1071.115689,1530.16527,5674,8682157.742,785000,9467157.742
C-1101,PR 03-2020-07410,3 BHK T-6,Sold,East Facing,C,11,,1024.29,0,46.822965,1071.115689,1530.16527,5694,8712761.047,785000,9497761.047
C-1201,PR 03-2020-07411,3 BHK T-6,Sold,East Facing,C,12,,1024.29,0,46.822965,1071.115689,1530.16527,5714,8743364.353,785000,9528364.353
C-12A01,PR 03-2020-07412,3 BHK T-6,Block,East Facing,C,13,,1024.29,0,46.822965,1071.115689,1530.16527,5734,8773967.658,785000,9558967.658
C-1401,PR 03-2020-07413,3 BHK T-6,Block,East Facing,C,14,,1024.29,0,46.822965,1071.115689,1530.16527,5754,8804570.964,785000,9589570.964
C-1501,PR 03-2020-07414,3 BHK T-6,Block,East Facing,C,15,,1024.29,0,46.822965,1071.115689,1530.16527,5774,8835174.269,785000,9620174.269
C-102,PR 03-2020-07415,2 BHK T-1,Available,North East Facing,C,1,,751.1,0,41.548654,792.653596,1132.36228,5394,6107962.138,785000,6892962.138
C-202,PR 03-2020-07416,2 BHK T-1,Available,North East Facing,C,2,,751.1,0,41.548654,792.653596,1132.36228,5414,6130609.384,785000,6915609.384
C-302,PR 03-2020-07417,2 BHK T-1,Available,North East Facing,C,3,,751.1,0,41.548654,792.653596,1132.36228,5434,6153256.63,785000,6938256.63
C-402,PR 03-2020-07418,2 BHK T-1,Block,North East Facing,C,4,,751.1,0,41.548654,792.653596,1132.36228,5454,6175903.875,785000,6960903.875
C-502,PR 03-2020-07419,2 BHK T-1,Block,North East Facing,C,5,,751.1,0,41.548654,792.653596,1132.36228,5474,6198551.121,785000,6983551.121
C-602,PR 03-2020-07420,2 BHK T-1,Block,North East Facing,C,6,,751.1,0,41.548654,792.653596,1132.36228,5494,6221198.366,785000,7006198.366
C-702,PR 03-2020-07421,2 BHK T-1,Sold,North East Facing,C,7,,751.1,0,41.548654,792.653596,1132.36228,5514,6243845.612,785000,7028845.612
C-802,PR 03-2020-07422,2 BHK T-1,Sold,North East Facing,C,8,,751.1,0,41.548654,792.653596,1132.36228,5534,6266492.858,785000,7051492.858
C-902,PR 03-2020-07423,2 BHK T-1,Available,North East Facing,C,9,,751.1,0,41.548654,792.653596,1132.36228,5554,6289140.103,785000,7074140.103
C-1002,PR 03-2020-07424,2 BHK T-1,Available,North East Facing,C,10,,751.1,0,41.548654,792.653596,1132.36228,5574,6311787.349,785000,7096787.349
C-1102,PR 03-2020-07425,2 BHK T-1,Block,North East Facing,C,11,,751.1,0,41.548654,792.653596,1132.36228,5594,6334434.594,785000,7119434.594
C-1202,PR 03-2020-07426,2 BHK T-1,Block,North East Facing,C,12,,751.1,0,41.548654,792.653596,1132.36228,5614,6357081.84,785000,7142081.84
C-12A02,PR 03-2020-07427,2 BHK T-1,Block,North East Facing,C,13,,751.1,0,41.548654,792.653596,1132.36228,5634,6379729.086,785000,7164729.086
C-1402,PR 03-2020-07428,2 BHK T-1,Block,North East Facing,C,14,,751.1,0,41.548654,792.653596,1132.36228,5654,6402376.331,785000,7187376.331
C-1502,PR 03-2020-07429,2 BHK T-1,Block,North East Facing,C,15,,751.1,0,41.548654,792.653596,1132.36228,5674,6425023.577,785000,7210023.577
C-103,PR 03-2020-07430,2 BHK T-1,Available,North West Facing,C,1,,751.1,0,41.548654,792.653596,1132.36228,5244,5938107.796,785000,6723107.796
C-203,PR 03-2020-07431,2 BHK T-1,Available,North West Facing,C,2,,751.1,0,41.548654,792.653596,1132.36228,5264,5960755.042,785000,6745755.042
C-303,PR 03-2020-07432,2 BHK T-1,Available,North West Facing,C,3,,751.1,0,41.548654,792.653596,1132.36228,5284,5983402.288,785000,6768402.288
C-403,PR 03-2020-07433,2 BHK T-1,Available,North West Facing,C,4,,751.1,0,41.548654,792.653596,1132.36228,5304,6006049.533,785000,6791049.533
C-503,PR 03-2020-07434,2 BHK T-1,Available,North West Facing,C,5,,751.1,0,41.548654,792.653596,1132.36228,5324,6028696.779,785000,6813696.779
C-603,PR 03-2020-07435,2 BHK T-1,Available,North West Facing,C,6,,751.1,0,41.548654,792.653596,1132.36228,5344,6051344.024,785000,6836344.024
C-703,PR 03-2020-07436,2 BHK T-1,Available,North West Facing,C,7,,751.1,0,41.548654,792.653596,1132.36228,5364,6073991.27,785000,6858991.27
C-803,PR 03-2020-07437,2 BHK T-1,Available,North West Facing,C,8,,751.1,0,41.548654,792.653596,1132.36228,5384,6096638.516,785000,6881638.516
C-903,PR 03-2020-07438,2 BHK T-1,Available,North West Facing,C,9,,751.1,0,41.548654,792.653596,1132.36228,5404,6119285.761,785000,6904285.761
C-1003,PR 03-2020-07439,2 BHK T-1,Available,North West Facing,C,10,,751.1,0,41.548654,792.653596,1132.36228,5424,6141933.007,785000,6926933.007
C-1103,PR 03-2020-07440,2 BHK T-1,Block,North West Facing,C,11,,751.1,0,41.548654,792.653596,1132.36228,5444,6164580.252,785000,6949580.252
C-1203,PR 03-2020-07441,2 BHK T-1,Block,North West Facing,C,12,,751.1,0,41.548654,792.653596,1132.36228,5464,6187227.498,785000,6972227.498
C-12A03,PR 03-2020-07442,2 BHK T-1,Block,North West Facing,C,13,,751.1,0,41.548654,792.653596,1132.36228,5484,6209874.744,785000,6994874.744
C-1403,PR 03-2020-07443,2 BHK T-1,Block,North West Facing,C,14,,751.1,0,41.548654,792.653596,1132.36228,5504,6232521.989,785000,7017521.989
C-1503,PR 03-2020-07444,2 BHK T-1,Block,North West Facing,C,15,,751.1,0,41.548654,792.653596,1132.36228,5524,6255169.235,785000,7040169.235
C-104,PR 03-2020-07445,2 BHK T-1,Available,North West Facing,C,1,,751.1,0,41.548654,792.653596,1132.36228,5244,5938107.796,785000,6723107.796
C-204,PR 03-2020-07446,2 BHK T-1,Available,North West Facing,C,2,,751.1,0,41.548654,792.653596,1132.36228,5264,5960755.042,785000,6745755.042
C-304,PR 03-2020-07447,2 BHK T-1,Available,North West Facing,C,3,,751.1,0,41.548654,792.653596,1132.36228,5284,5983402.288,785000,6768402.288
C-404,PR 03-2020-07448,2 BHK T-1,Available,North West Facing,C,4,,751.1,0,41.548654,792.653596,1132.36228,5304,6006049.533,785000,6791049.533
C-504,PR 03-2020-07449,2 BHK T-1,Available,North West Facing,C,5,,751.1,0,41.548654,792.653596,1132.36228,5324,6028696.779,785000,6813696.779
C-604,PR 03-2020-07450,2 BHK T-1,Available,North West Facing,C,6,,751.1,0,41.548654,792.653596,1132.36228,5344,6051344.024,785000,6836344.024
C-704,PR 03-2020-07451,2 BHK T-1,Available,North West Facing,C,7,,751.1,0,41.548654,792.653596,1132.36228,5364,6073991.27,785000,6858991.27
C-804,PR 03-2020-07452,2 BHK T-1,Available,North West Facing,C,8,,751.1,0,41.548654,792.653596,1132.36228,5384,6096638.516,785000,6881638.516
C-904,PR 03-2020-07453,2 BHK T-1,Available,North West Facing,C,9,,751.1,0,41.548654,792.653596,1132.36228,5404,6119285.761,785000,6904285.761
C-1004,PR 03-2020-07454,2 BHK T-1,Available,North West Facing,C,10,,751.1,0,41.548654,792.653596,1132.36228,5424,6141933.007,785000,6926933.007
C-1104,PR 03-2020-07455,2 BHK T-1,Available,North West Facing,C,11,,751.1,0,41.548654,792.653596,1132.36228,5444,6164580.252,785000,6949580.252
C-1204,PR 03-2020-07456,2 BHK T-1,Available,North West Facing,C,12,,751.1,0,41.548654,792.653596,1132.36228,5464,6187227.498,785000,6972227.498
C-12A04,PR 03-2020-07457,2 BHK T-1,Available,North West Facing,C,13,,751.1,0,41.548654,792.653596,1132.36228,5484,6209874.744,785000,6994874.744
C-1504,PR 03-2020-07458,2 BHK T-1,Block,North West Facing,C,15,,751.1,0,41.548654,792.653596,1132.36228,5524,6255169.235,785000,7040169.235
C-005,PR 03-2020-07459,2 BHK T-1,Available,South West Facing,C,0,,751.1,0,41.548654,792.653596,1132.36228,5324,6028696.779,785000,6813696.779
C-105,PR 03-2020-07460,2 BHK T-1,Sold,South West Facing,C,1,,751.1,0,41.548654,792.653596,1132.36228,5344,6051344.024,785000,6836344.024
C-205,PR 03-2020-07461,2 BHK T-1,Available,South West Facing,C,2,,751.1,0,41.548654,792.653596,1132.36228,5364,6073991.27,785000,6858991.27
C-305,PR 03-2020-07462,2 BHK T-1,Available,South West Facing,C,3,,751.1,0,41.548654,792.653596,1132.36228,5384,6096638.516,785000,6881638.516
C-405,PR 03-2020-07463,2 BHK T-1,Sold,South West Facing,C,4,,751.1,0,41.548654,792.653596,1132.36228,5404,6119285.761,785000,6904285.761
C-505,PR 03-2020-07464,2 BHK T-1,Sold,South West Facing,C,5,,751.1,0,41.548654,792.653596,1132.36228,5424,6141933.007,785000,6926933.007
C-605,PR 03-2020-07465,2 BHK T-1,Available,South West Facing,C,6,,751.1,0,41.548654,792.653596,1132.36228,5444,6164580.252,785000,6949580.252
C-705,PR 03-2020-07466,2 BHK T-1,Available,South West Facing,C,7,,751.1,0,41.548654,792.653596,1132.36228,5464,6187227.498,785000,6972227.498
C-805,PR 03-2020-07467,2 BHK T-1,Available,South West Facing,C,8,,751.1,0,41.548654,792.653596,1132.36228,5484,6209874.744,785000,6994874.744
C-905,PR 03-2020-07468,2 BHK T-1,Sold,South West Facing,C,9,,751.1,0,41.548654,792.653596,1132.36228,5504,6232521.989,785000,7017521.989
C-1005,PR 03-2020-07469,2 BHK T-1,Available,South West Facing,C,10,,751.1,0,41.548654,792.653596,1132.36228,5524,6255169.235,785000,7040169.235
C-1105,PR 03-2020-07470,2 BHK T-1,Available,South West Facing,C,11,,751.1,0,41.548654,792.653596,1132.36228,5544,6277816.48,785000,7062816.48
C-1205,PR 03-2020-07471,2 BHK T-1,Available,South West Facing,C,12,,751.1,0,41.548654,792.653596,1132.36228,5564,6300463.726,785000,7085463.726
C-12A05,PR 03-2020-07472,2 BHK T-1,Available,South West Facing,C,13,,751.1,0,41.548654,792.653596,1132.36228,5584,6323110.972,785000,7108110.972
D-101,PR 03-2020-07473,2.5 BHK T-1,Available,North East Facing,D,1,,957.99,28.52,41.548654,1028.060089,1468.65727,5394,7921937.314,785000,8706937.314
D-201,PR 03-2020-07474,2.5 BHK T-1,Sold,North East Facing,D,2,,957.99,28.52,41.548654,1028.060089,1468.65727,5414,7951310.46,785000,8736310.46
D-301,PR 03-2020-07475,2.5 BHK T-1,Sold,North East Facing,D,3,,957.99,28.52,41.548654,1028.060089,1468.65727,5434,7980683.605,785000,8765683.605
D-401,PR 03-2020-07476,2.5 BHK T-1,Sold,North East Facing,D,4,,957.99,28.52,41.548654,1028.060089,1468.65727,5454,8010056.751,785000,8795056.751
D-501,PR 03-2020-07477,2.5 BHK T-1,Sold,North East Facing,D,5,,957.99,28.52,41.548654,1028.060089,1468.65727,5474,8039429.896,785000,8824429.896
D-601,PR 03-2020-07478,2.5 BHK T-1,Sold,North East Facing,D,6,,957.99,28.52,41.548654,1028.060089,1468.65727,5494,8068803.041,785000,8853803.041
D-701,PR 03-2020-07479,2.5 BHK T-1,Sold,North East Facing,D,7,,957.99,28.52,41.548654,1028.060089,1468.65727,5514,8098176.187,785000,8883176.187
D-801,PR 03-2020-07480,2.5 BHK T-1,Sold,North East Facing,D,8,,957.99,28.52,41.548654,1028.060089,1468.65727,5534,8127549.332,785000,8912549.332
D-901,PR 03-2020-07481,2.5 BHK T-1,Sold,North East Facing,D,9,,957.99,28.52,41.548654,1028.060089,1468.65727,5554,8156922.478,785000,8941922.478
D-1001,PR 03-2020-07482,2.5 BHK T-1,Available,North East Facing,D,10,,957.99,28.52,41.548654,1028.060089,1468.65727,5574,8186295.623,785000,8971295.623
D-1101,PR 03-2020-07483,2.5 BHK T-1,Available,North East Facing,D,11,,957.99,28.52,41.548654,1028.060089,1468.65727,5594,8215668.768,785000,9000668.768
D-1201,PR 03-2020-07484,2.5 BHK T-1,Available,North East Facing,D,12,,957.99,28.52,41.548654,1028.060089,1468.65727,5614,8245041.914,785000,9030041.914
D-12A01,PR 03-2020-07485,2.5 BHK T-1,Available,North East Facing,D,13,,957.99,28.52,41.548654,1028.060089,1468.65727,5634,8274415.059,785000,9059415.059
D-1401,PR 03-2020-07486,2.5 BHK T-1,Block,North East Facing,D,14,,957.99,28.52,41.548654,1028.060089,1468.65727,5654,8303788.205,785000,9088788.205
D-1501,PR 03-2020-07487,2.5 BHK T-1,Block,North East Facing,D,15,,957.99,28.52,41.548654,1028.060089,1468.65727,5674,8333161.35,785000,9118161.35
D-002,PR 03-2020-07488,2.5 BHK T-2,Available,South East Facing,D,0,,914.82,0,41.548654,956.372515,1366.24645,5224,7137271.455,785000,7922271.455
D-102,PR 03-2020-07489,2.5 BHK T-2,Available,South East Facing,D,1,,914.82,0,41.548654,956.372515,1366.24645,5244,7164596.384,785000,7949596.384
D-202,PR 03-2020-07490,2.5 BHK T-2,Available,South East Facing,D,2,,914.82,0,41.548654,956.372515,1366.24645,5264,7191921.313,785000,7976921.313
D-302,PR 03-2020-07491,2.5 BHK T-2,Sold,South East Facing,D,3,,914.82,0,41.548654,956.372515,1366.24645,5284,7219246.242,785000,8004246.242
D-402,PR 03-2020-07492,2.5 BHK T-2,Sold,South East Facing,D,4,,914.82,0,41.548654,956.372515,1366.24645,5304,7246571.171,785000,8031571.171
D-502,PR 03-2020-07493,2.5 BHK T-2,Sold,South East Facing,D,5,,914.82,0,41.548654,956.372515,1366.24645,5324,7273896.1,785000,8058896.1
D-602,PR 03-2020-07494,2.5 BHK T-2,Sold,South East Facing,D,6,,914.82,0,41.548654,956.372515,1366.24645,5344,7301221.029,785000,8086221.029
D-702,PR 03-2020-07495,2.5 BHK T-2,Available,South East Facing,D,7,,914.82,0,41.548654,956.372515,1366.24645,5364,7328545.958,785000,8113545.958
D-802,PR 03-2020-07496,2.5 BHK T-2,Available,South East Facing,D,8,,914.82,0,41.548654,956.372515,1366.24645,5384,7355870.887,785000,8140870.887
D-902,PR 03-2020-07497,2.5 BHK T-2,Sold,South East Facing,D,9,,914.82,0,41.548654,956.372515,1366.24645,5404,7383195.816,785000,8168195.816
D-1002,PR 03-2020-07498,2.5 BHK T-2,Available,South East Facing,D,10,,914.82,0,41.548654,956.372515,1366.24645,5424,7410520.745,785000,8195520.745
D-1102,PR 03-2020-07499,2.5 BHK T-2,Available,South East Facing,D,11,,914.82,0,41.548654,956.372515,1366.24645,5444,7437845.674,785000,8222845.674
D-1202,PR 03-2020-07500,2.5 BHK T-2,Available,South East Facing,D,12,,914.82,0,41.548654,956.372515,1366.24645,5464,7465170.603,785000,8250170.603
D-12A02,PR 03-2020-07501,2.5 BHK T-2,Available,South East Facing,D,13,,914.82,0,41.548654,956.372515,1366.24645,5484,7492495.532,785000,8277495.532
D-1402,PR 03-2020-07502,2.5 BHK T-2,Block,South East Facing,D,14,,914.82,0,41.548654,956.372515,1366.24645,5504,7519820.461,785000,8304820.461
D-1502,PR 03-2020-07503,2.5 BHK T-2,Block,South East Facing,D,15,,914.82,0,41.548654,956.372515,1366.24645,5524,7547145.39,785000,8332145.39
D-103,PR 03-2020-07504,2.5 BHK T-3,Available,South East Facing,D,1,,915.58,0,41.548654,957.125988,1367.32284,5344,7306973.257,785000,8091973.257
D-203,PR 03-2020-07505,2.5 BHK T-3,Available,South East Facing,D,2,,915.58,0,41.548654,957.125988,1367.32284,5364,7334319.714,785000,8119319.714
D-303,PR 03-2020-07506,2.5 BHK T-3,Sold,South East Facing,D,3,,915.58,0,41.548654,957.125988,1367.32284,5384,7361666.171,785000,8146666.171
D-403,PR 03-2020-07507,2.5 BHK T-3,Sold,South East Facing,D,4,,915.58,0,41.548654,957.125988,1367.32284,5404,7389012.627,785000,8174012.627
D-503,PR 03-2020-07508,2.5 BHK T-3,Sold,South East Facing,D,5,,915.58,0,41.548654,957.125988,1367.32284,5424,7416359.084,785000,8201359.084
D-603,PR 03-2020-07509,2.5 BHK T-3,Sold,South East Facing,D,6,,915.58,0,41.548654,957.125988,1367.32284,5444,7443705.541,785000,8228705.541
D-703,PR 03-2020-07510,2.5 BHK T-3,Available,South East Facing,D,7,,915.58,0,41.548654,957.125988,1367.32284,5464,7471051.998,785000,8256051.998
D-803,PR 03-2020-07511,2.5 BHK T-3,Available,South East Facing,D,8,,915.58,0,41.548654,957.125988,1367.32284,5484,7498398.455,785000,8283398.455
D-903,PR 03-2020-07512,2.5 BHK T-3,Available,South East Facing,D,9,,915.58,0,41.548654,957.125988,1367.32284,5504,7525744.911,785000,8310744.911
D-1003,PR 03-2020-07513,2.5 BHK T-3,Available,South East Facing,D,10,,915.58,0,41.548654,957.125988,1367.32284,5524,7553091.368,785000,8338091.368
D-1103,PR 03-2020-07514,2.5 BHK T-3,Available,South East Facing,D,11,,915.58,0,41.548654,957.125988,1367.32284,5544,7580437.825,785000,8365437.825
D-1203,PR 03-2020-07515,2.5 BHK T-3,Sold,South East Facing,D,12,,915.58,0,41.548654,957.125988,1367.32284,5564,7607784.282,785000,8392784.282
D-12A03,PR 03-2020-07516,2.5 BHK T-3,Available,South East Facing,D,13,,915.58,0,41.548654,957.125988,1367.32284,5584,7635130.739,785000,8420130.739
D-1403,PR 03-2020-07517,2.5 BHK T-3,Block,South East Facing,D,14,,915.58,0,41.548654,957.125988,1367.32284,5604,7662477.195,785000,8447477.195
D-1503,PR 03-2020-07518,2.5 BHK T-3,Block,South East Facing,D,15,,915.58,0,41.548654,957.125988,1367.32284,5624,7689823.652,785000,8474823.652
D-004,PR 03-2020-07519,2.5 BHK T-3,Available,South West Facing,D,0,,915.58,0,41.548654,957.125988,1367.32284,5324,7279626.8,785000,8064626.8
D-104,PR 03-2020-07520,2.5 BHK T-3,Available,South West Facing,D,1,,915.58,0,41.548654,957.125988,1367.32284,5344,7306973.257,785000,8091973.257
D-204,PR 03-2020-07521,2.5 BHK T-3,Available,South West Facing,D,2,,915.58,0,41.548654,957.125988,1367.32284,5364,7334319.714,785000,8119319.714
D-304,PR 03-2020-07522,2.5 BHK T-3,Sold,South West Facing,D,3,,915.58,0,41.548654,957.125988,1367.32284,5384,7361666.171,785000,8146666.171
D-404,PR 03-2020-07523,2.5 BHK T-3,Available,South West Facing,D,4,,915.58,0,41.548654,957.125988,1367.32284,5404,7389012.627,785000,8174012.627
D-504,PR 03-2020-07524,2.5 BHK T-3,Block,South West Facing,D,5,,915.58,0,41.548654,957.125988,1367.32284,5424,7416359.084,785000,8201359.084
D-604,PR 03-2020-07525,2.5 BHK T-3,Available,South West Facing,D,6,,915.58,0,41.548654,957.125988,1367.32284,5444,7443705.541,785000,8228705.541
D-704,PR 03-2020-07526,2.5 BHK T-3,Sold,South West Facing,D,7,,915.58,0,41.548654,957.125988,1367.32284,5464,7471051.998,785000,8256051.998
D-804,PR 03-2020-07527,2.5 BHK T-3,Available,South West Facing,D,8,,915.58,0,41.548654,957.125988,1367.32284,5484,7498398.455,785000,8283398.455
D-904,PR 03-2020-07528,2.5 BHK T-3,Available,South West Facing,D,9,,915.58,0,41.548654,957.125988,1367.32284,5504,7525744.911,785000,8310744.911
D-1004,PR 03-2020-07529,2.5 BHK T-3,Available,South West Facing,D,10,,915.58,0,41.548654,957.125988,1367.32284,5524,7553091.368,785000,8338091.368
D-1104,PR 03-2020-07530,2.5 BHK T-3,Available,South West Facing,D,11,,915.58,0,41.548654,957.125988,1367.32284,5544,7580437.825,785000,8365437.825
D-1204,PR 03-2020-07531,2.5 BHK T-3,Available,South West Facing,D,12,,915.58,0,41.548654,957.125988,1367.32284,5564,7607784.282,785000,8392784.282
D-12A04,PR 03-2020-07532,2.5 BHK T-3,Available,South West Facing,D,13,,915.58,0,41.548654,957.125988,1367.32284,5584,7635130.739,785000,8420130.739
D-1404,PR 03-2020-07533,2.5 BHK T-3,Block,South West Facing,D,14,,915.58,0,41.548654,957.125988,1367.32284,5604,7662477.195,785000,8447477.195
D-1504,PR 03-2020-07534,2.5 BHK T-3,Block,South West Facing,D,15,,915.58,0,41.548654,957.125988,1367.32284,5624,7689823.652,785000,8474823.652
D-005,PR 03-2020-07535,2.5 BHK T-2,Available,North West Facing,D,0,,914.82,0,41.548654,956.372515,1366.24645,5224,7137271.455,785000,7922271.455
D-105,PR 03-2020-07536,2.5 BHK T-2,Available,North West Facing,D,1,,914.82,0,41.548654,956.372515,1366.24645,5244,7164596.384,785000,7949596.384
D-205,PR 03-2020-07537,2.5 BHK T-2,Available,North West Facing,D,2,,914.82,0,41.548654,956.372515,1366.24645,5264,7191921.313,785000,7976921.313
D-305,PR 03-2020-07538,2.5 BHK T-2,Available,North West Facing,D,3,,914.82,0,41.548654,956.372515,1366.24645,5284,7219246.242,785000,8004246.242
D-405,PR 03-2020-07539,2.5 BHK T-2,Available,North West Facing,D,4,,914.82,0,41.548654,956.372515,1366.24645,5304,7246571.171,785000,8031571.171
D-505,PR 03-2020-07540,2.5 BHK T-2,Available,North West Facing,D,5,,914.82,0,41.548654,956.372515,1366.24645,5324,7273896.1,785000,8058896.1
D-605,PR 03-2020-07541,2.5 BHK T-2,Sold,North West Facing,D,6,,914.82,0,41.548654,956.372515,1366.24645,5344,7301221.029,785000,8086221.029
D-705,PR 03-2020-07542,2.5 BHK T-2,Sold,North West Facing,D,7,,914.82,0,41.548654,956.372515,1366.24645,5364,7328545.958,785000,8113545.958
D-805,PR 03-2020-07543,2.5 BHK T-2,Sold,North West Facing,D,8,,914.82,0,41.548654,956.372515,1366.24645,5384,7355870.887,785000,8140870.887
D-905,PR 03-2020-07544,2.5 BHK T-2,Available,North West Facing,D,9,,914.82,0,41.548654,956.372515,1366.24645,5404,7383195.816,785000,8168195.816
D-1005,PR 03-2020-07545,2.5 BHK T-2,Available,North West Facing,D,10,,914.82,0,41.548654,956.372515,1366.24645,5424,7410520.745,785000,8195520.745
D-1105,PR 03-2020-07546,2.5 BHK T-2,Available,North West Facing,D,11,,914.82,0,41.548654,956.372515,1366.24645,5444,7437845.674,785000,8222845.674
D-1205,PR 03-2020-07547,2.5 BHK T-2,Available,North West Facing,D,12,,914.82,0,41.548654,956.372515,1366.24645,5464,7465170.603,785000,8250170.603
D-1305,PR 03-2020-07548,2.5 BHK T-2,Sold,North West Facing,D,13,,914.82,0,41.548654,956.372515,1366.24645,5484,7492495.532,785000,8277495.532
D-1405,PR 03-2020-07549,2.5 BHK T-2,Block,North West Facing,D,14,,914.82,0,41.548654,956.372515,1366.24645,5504,7519820.461,785000,8304820.461
D-1505,PR 03-2020-07550,2.5 BHK T-2,Block,North West Facing,D,15,,914.82,0,41.548654,956.372515,1366.24645,5524,7547145.39,785000,8332145.39
D-106,PR 03-2020-07551,2.5 BHK T-4,Available,North West Facing,D,1,,917.95,0,41.548654,959.494046,1370.70578,5244,7187981.11,785000,7972981.11
D-206,PR 03-2020-07552,2.5 BHK T-4,Available,North West Facing,D,2,,917.95,0,41.548654,959.494046,1370.70578,5264,7215395.226,785000,8000395.226
D-306,PR 03-2020-07553,2.5 BHK T-4,Sold,North West Facing,D,3,,917.95,0,41.548654,959.494046,1370.70578,5284,7242809.342,785000,8027809.342
D-406,PR 03-2020-07554,2.5 BHK T-4,Available,North West Facing,D,4,,917.95,0,41.548654,959.494046,1370.70578,5304,7270223.457,785000,8055223.457
D-506,PR 03-2020-07555,2.5 BHK T-4,Available,North West Facing,D,5,,917.95,0,41.548654,959.494046,1370.70578,5324,7297637.573,785000,8082637.573
D-606,PR 03-2020-07556,2.5 BHK T-4,Available,North West Facing,D,6,,917.95,0,41.548654,959.494046,1370.70578,5344,7325051.688,785000,8110051.688
D-706,PR 03-2020-07557,2.5 BHK T-4,Available,North West Facing,D,7,,917.95,0,41.548654,959.494046,1370.70578,5364,7352465.804,785000,8137465.804
D-806,PR 03-2020-07558,2.5 BHK T-4,Available,North West Facing,D,8,,917.95,0,41.548654,959.494046,1370.70578,5384,7379879.92,785000,8164879.92
D-906,PR 03-2020-07559,2.5 BHK T-4,Available,North West Facing,D,9,,917.95,0,41.548654,959.494046,1370.70578,5404,7407294.035,785000,8192294.035
D-1006,PR 03-2020-07560,2.5 BHK T-4,Available,North West Facing,D,10,,917.95,0,41.548654,959.494046,1370.70578,5424,7434708.151,785000,8219708.151
D-1106,PR 03-2020-07561,2.5 BHK T-4,Available,North West Facing,D,11,,917.95,0,41.548654,959.494046,1370.70578,5444,7462122.266,785000,8247122.266
D-1206,PR 03-2020-07562,2.5 BHK T-4,Available,North West Facing,D,12,,917.95,0,41.548654,959.494046,1370.70578,5464,7489536.382,785000,8274536.382
D-12A06,PR 03-2020-07563,2.5 BHK T-4,Available,North West Facing,D,13,,917.95,0,41.548654,959.494046,1370.70578,5484,7516950.498,785000,8301950.498
D-1406,PR 03-2020-07564,2.5 BHK T-4,Block,North West Facing,D,14,,917.95,0,41.548654,959.494046,1370.70578,5504,7544364.613,785000,8329364.613
D-1506,PR 03-2020-07565,2.5 BHK T-4,Block,North West Facing,D,15,,917.95,0,41.548654,959.494046,1370.70578,5524,7571778.729,785000,8356778.729
